City_ID,City,Country,Lat,Lng,Max Temp,Humidity,Cloudiness,Wind Speed,Current Description
0,Kirkuk,IQ,35.4681,44.3922,93.92,16,0,7.2,clear sky
1,Rikitea,PF,-23.1203,-134.9692,72.21,65,25,21.72,scattered clouds
2,Xuddur,SO,4.1213,43.8894,85.62,35,99,14.5,overcast clouds
3,Codrington,AU,-38.2667,141.9667,51.21,84,96,20.45,overcast clouds
4,Hermanus,ZA,-34.4187,19.2345,59.81,78,0,3.6,clear sky
5,Shingu,JP,33.7333,135.9833,76.01,91,77,4.45,broken clouds
6,Pachino,IT,36.7186,15.0907,81.25,79,25,14.16,scattered clouds
7,Vaini,TO,-21.2,-175.2,73.56,94,75,5.75,broken clouds
8,Port Alfred,ZA,-33.5906,26.891,65.17,88,20,1.01,few clouds
9,Hobart,AU,-42.8794,147.3294,56.05,94,100,0.0,overcast clouds
10,Ushuaia,AR,-54.8,-68.3,47.86,66,40,18.41,scattered clouds
11,Bluff,NZ,-46.6,168.3333,43.5,83,90,6.33,overcast clouds
12,Aklavik,CA,68.2191,-135.0107,44.33,78,100,8.25,overcast clouds
13,Victor Harbor,AU,-35.5667,138.6167,55.0,81,44,11.07,scattered clouds
14,New Norfolk,AU,-42.7826,147.0587,55.71,79,100,2.55,light rain
15,Saldanha,ZA,-33.0117,17.9442,62.65,92,0,16.75,clear sky
16,Zhezkazgan,KZ,47.8043,67.7144,64.81,26,71,5.08,broken clouds
17,Nikolskoye,RU,59.7035,30.7861,51.69,71,19,3.29,few clouds
18,Carnarvon,AU,-24.8667,113.6333,64.69,72,15,15.08,few clouds
19,Yasnyy,RU,51.0333,59.8742,53.92,37,100,4.12,overcast clouds
20,Saskylakh,RU,71.9167,114.0833,40.28,98,100,6.38,light rain
21,Hithadhoo,MV,-0.6,73.0833,81.86,71,20,10.11,few clouds
22,Bredasdorp,ZA,-34.5322,20.0403,53.13,80,1,3.85,clear sky
23,Longyearbyen,SJ,78.2186,15.6401,40.84,93,75,5.75,light intensity drizzle rain
24,Ljungby,SE,56.8332,13.9408,55.81,94,100,11.9,overcast clouds
25,Port Elizabeth,ZA,-33.918,25.5701,67.1,86,20,8.05,few clouds
26,Punta Arenas,CL,-53.15,-70.9167,51.91,50,20,40.29,few clouds
27,Provideniya,RU,64.3833,-173.3,42.64,83,5,7.29,clear sky
28,Kaitangata,NZ,-46.2817,169.8464,37.04,96,22,3.76,few clouds
29,Goryachiy Klyuch,RU,44.6308,39.13,64.02,42,37,2.62,scattered clouds
30,La Ronge,CA,55.1001,-105.2842,48.45,66,100,17.27,overcast clouds
31,Djambala,CG,-2.5447,14.7533,78.24,61,99,4.43,overcast clouds
32,Mataura,NZ,-46.1927,168.8643,37.94,98,86,2.59,overcast clouds
33,Qaanaaq,GL,77.484,-69.3632,34.72,55,3,4.23,clear sky
34,Namibe,AO,-15.1961,12.1522,75.83,73,0,16.11,clear sky
35,Ribeira Grande,PT,38.5167,-28.7,79.2,69,40,24.16,scattered clouds
36,Show Low,US,34.2542,-110.0298,72.09,51,0,16.11,clear sky
37,Morant Bay,JM,17.8815,-76.4093,89.71,64,3,8.99,clear sky
38,Rosh Pinna,IL,32.9689,35.5426,79.74,45,0,7.36,clear sky
39,Bluefield,US,37.2698,-81.2223,70.5,74,17,4.0,few clouds
40,Haines Junction,CA,60.7522,-137.5108,57.15,51,100,13.8,overcast clouds
41,Hilo,US,19.7297,-155.09,75.27,90,0,4.0,clear sky
42,Saint George,US,37.1041,-113.5841,88.43,31,0,3.0,clear sky
43,Chara,RU,56.9064,118.2631,47.97,68,100,5.59,overcast clouds
44,Muravlenko,RU,63.7898,74.523,35.98,74,44,5.48,scattered clouds
45,Cherskiy,RU,68.75,161.3,51.6,70,100,12.39,overcast clouds
46,Mezhdurechensk,RU,53.6942,88.0603,42.78,87,22,2.75,few clouds
47,Matay,EG,28.419,30.7792,91.18,23,1,9.71,clear sky
48,Yanam,IN,16.7333,82.2167,75.76,98,100,5.14,moderate rain
49,Talnakh,RU,69.4865,88.3972,38.21,100,100,3.74,light rain
50,Narsaq,GL,60.9167,-46.05,57.42,51,64,3.09,broken clouds
51,Tiksi,RU,71.6872,128.8694,40.6,82,100,16.98,overcast clouds
52,Cidreira,BR,-30.1811,-50.2056,80.37,54,95,9.26,overcast clouds
53,Cape Town,ZA,-33.9258,18.4232,62.28,72,0,12.66,clear sky
54,Sakaiminato,JP,35.55,133.2333,76.98,73,75,16.11,broken clouds
55,Vyazemskiy,RU,47.5378,134.7525,50.09,74,54,4.0,broken clouds
56,Adrar,MR,20.5022,-10.0711,106.34,11,15,9.98,few clouds
57,Busselton,AU,-33.65,115.3333,51.53,91,1,7.7,clear sky
58,Opuwo,NA,-18.0607,13.84,84.4,14,0,9.19,clear sky
59,Bengkulu,ID,-3.8004,102.2655,76.75,85,100,4.16,light rain
60,East London,ZA,-33.0153,27.9116,67.14,88,75,3.44,broken clouds
61,Puerto Ayora,EC,-0.7393,-90.3518,71.56,93,98,8.01,overcast clouds
62,Alice Springs,AU,-23.7,133.8833,57.22,26,6,0.0,clear sky
63,Asilah,MA,35.465,-6.0348,78.76,73,16,12.08,few clouds
64,Barrow,US,71.2906,-156.7887,37.42,87,0,19.57,clear sky
65,Touros,BR,-5.1989,-35.4608,82.9,56,1,15.03,clear sky
66,Kapaa,US,22.0752,-159.319,76.98,91,40,4.61,moderate rain
67,Tagusao,PH,9.1924,117.8141,79.48,80,97,2.64,overcast clouds
68,Ordzhonikidze,KZ,52.4411,61.7408,53.26,45,93,3.89,overcast clouds
69,Bubaque,GW,11.2833,-15.8333,78.53,82,84,16.69,moderate rain
70,Leningradskiy,RU,69.3833,178.4167,37.18,64,15,5.5,few clouds
71,San Patricio,US,28.017,-97.5169,88.88,52,10,3.74,clear sky
72,Kijang,KR,35.2442,129.2139,71.33,74,70,15.93,broken clouds
73,Bethel,US,41.3712,-73.414,79.18,48,0,1.99,clear sky
74,Tayu,ID,-6.5397,111.0518,78.24,85,98,2.91,overcast clouds
75,Teacapan,MX,22.55,-105.75,86.02,67,86,7.99,overcast clouds
76,Lucapa,AO,-8.4192,20.7447,81.5,24,44,2.08,scattered clouds
77,Savasleyka,RU,55.4606,42.3207,47.46,56,100,6.87,overcast clouds
78,Norman Wells,CA,65.282,-126.8329,46.44,81,75,5.75,broken clouds
79,Muisne,EC,0.6,-80.0333,78.93,73,98,10.89,overcast clouds
80,Yellowknife,CA,62.456,-114.3525,45.12,70,75,13.8,broken clouds
81,Gezing,AT,47.9178,13.1299,61.11,97,75,9.22,broken clouds
82,Caldwell,US,43.6629,-116.6874,66.97,36,0,6.91,clear sky
83,Omboue,GA,-1.5746,9.2618,77.36,77,81,9.46,broken clouds
84,Jamestown,US,42.097,-79.2353,78.03,53,40,5.75,scattered clouds
85,Mahebourg,MU,-20.4081,57.7,71.26,73,40,11.5,scattered clouds
86,Thinadhoo,MV,0.5333,72.9333,82.09,74,9,11.65,clear sky
87,Dhidhdhoo,MV,6.8833,73.1,80.44,85,37,15.23,scattered clouds
88,Port Blair,IN,11.6667,92.75,81.63,80,100,13.82,overcast clouds
89,Boende,CD,-0.2167,20.8667,72.46,95,86,3.24,moderate rain
90,Georgetown,MY,5.4112,100.3354,81.9,81,20,0.0,few clouds
91,Khatanga,RU,71.9667,102.5,34.2,97,100,7.83,overcast clouds
92,San Cristobal,VE,7.7669,-72.225,86.18,45,76,8.01,broken clouds
93,Laukaa,RU,58.7372,29.8453,46.96,69,7,4.0,clear sky
94,Saint Anthony,US,45.0205,-93.218,64.45,85,100,11.5,overcast clouds
95,Albany,US,42.6001,-73.9662,78.67,66,0,1.01,clear sky
96,Nacala,MZ,-14.5428,40.6728,72.18,82,1,6.13,clear sky
97,Camana,PE,-16.6228,-72.7111,64.54,69,46,11.56,scattered clouds
98,Coihaique,CL,-45.5752,-72.0662,51.75,54,40,8.05,scattered clouds
99,Thompson,CA,55.7435,-97.8558,50.16,66,100,12.66,overcast clouds
100,Pangody,RU,65.85,74.4859,36.55,74,92,9.62,overcast clouds
101,Te Anau,NZ,-45.4167,167.7167,36.3,92,75,1.34,broken clouds
102,Torbay,CA,47.6666,-52.7314,62.89,68,75,9.22,broken clouds
103,Lata,PT,40.1629,-8.3327,82.92,55,21,10.16,few clouds
104,Lebu,CL,-37.6167,-73.65,51.84,60,1,16.08,clear sky
105,Cap-Aux-Meules,CA,47.3821,-61.8597,68.05,68,40,9.22,scattered clouds
106,Grand Gaube,MU,-20.0064,57.6608,71.38,65,6,7.0,clear sky
107,Rostock,DE,54.0887,12.1405,68.02,83,94,4.76,overcast clouds
108,Atuona,PF,-9.8,-139.0333,75.22,83,49,22.97,light rain
109,Buraydah,SA,26.326,43.975,102.65,9,0,9.82,clear sky
110,Cooma,AU,-36.2333,149.1333,42.96,98,99,2.8,overcast clouds
111,Fort Nelson,CA,58.8053,-122.7002,44.19,76,75,4.61,broken clouds
112,Tasiilaq,GL,65.6145,-37.6368,51.96,62,17,4.54,few clouds
113,Bilozerka,UA,46.6248,32.4425,68.32,66,100,3.24,overcast clouds
114,Chuy,UY,-33.6971,-53.4616,51.91,81,100,16.42,overcast clouds
115,Kamaishi,JP,39.2667,141.8833,68.45,85,100,5.64,overcast clouds
116,Yertarskiy,RU,56.7902,64.2995,47.43,82,97,4.59,overcast clouds
117,Mercedes,AR,-34.6515,-59.4307,57.94,32,7,14.72,clear sky
118,Aqtobe,KZ,50.2797,57.2072,53.69,87,75,4.47,broken clouds
119,Klaksvik,FO,62.2266,-6.589,54.52,88,37,7.67,scattered clouds
120,Roma,US,43.2128,-75.4557,80.08,78,0,2.51,clear sky
121,Mae Sai,TH,20.4335,99.8762,72.3,99,94,2.21,overcast clouds
122,Souillac,MU,-20.5167,57.5167,70.18,73,40,11.5,scattered clouds
123,Ponta Delgada,PT,37.7333,-25.6667,80.51,88,40,19.57,scattered clouds
124,Shenjiamen,CN,29.9576,122.298,73.62,72,53,8.01,broken clouds
125,Port Macquarie,AU,-31.4333,152.9167,48.09,93,75,0.0,broken clouds
126,Nyagan,RU,62.1406,65.3936,40.23,78,100,4.16,overcast clouds
127,Mombetsu,JP,44.3525,143.3525,57.52,76,33,4.59,scattered clouds
128,Clonakilty,IE,51.6231,-8.8706,65.41,72,20,8.81,few clouds
129,Nabire,ID,-3.3667,135.4833,74.53,91,100,3.06,overcast clouds
130,Lavrentiya,RU,65.5833,-171.0,42.93,72,86,8.16,overcast clouds
131,Poum,NC,-20.2333,164.0167,74.32,76,36,9.78,scattered clouds
132,Hasaki,JP,35.7333,140.8333,72.28,87,100,17.69,overcast clouds
133,Pangani,TZ,-5.4333,38.9667,73.08,83,27,11.03,scattered clouds
134,Victoria,HK,22.2855,114.1577,85.32,70,15,3.0,few clouds
135,Ponta Do Sol,PT,32.6667,-17.1,80.13,79,50,1.23,scattered clouds
136,Kahului,US,20.8947,-156.47,76.84,91,75,8.05,moderate rain
137,Savannah Bight,HN,16.45,-85.85,83.16,77,100,5.53,overcast clouds
138,Biloela,AU,-24.4167,150.5,57.49,65,1,3.6,clear sky
139,Sept-Iles,CA,50.2001,-66.3821,62.06,93,75,6.91,broken clouds
140,Puerto Maldonado,PE,-12.6,-69.1833,93.6,49,0,8.05,clear sky
141,Krivosheino,RU,57.3431,83.9261,43.68,87,97,5.99,overcast clouds
142,Mae Chan,TH,20.1467,99.8526,74.86,99,100,1.97,light rain
143,Lorengau,PG,-2.0226,147.2712,81.03,75,34,8.48,scattered clouds
144,Sangar,RU,63.9242,127.4739,42.94,92,100,9.6,light rain
145,Shubarkuduk,KZ,49.1447,56.4872,52.88,87,100,2.1,light rain
146,Arlit,NE,18.7369,7.3853,102.27,11,38,6.24,scattered clouds
147,Nanton,CA,50.3501,-113.7687,54.88,51,48,5.32,scattered clouds
148,Khani,GE,41.9563,42.9566,58.57,75,0,4.16,clear sky
149,Kyenjojo,UG,0.6328,30.6214,64.8,89,99,0.31,light rain
150,Olafsvik,IS,64.8945,-23.7142,52.75,85,100,3.6,moderate rain
151,Zelenogradsk,RU,54.9589,20.4767,51.85,85,100,13.42,overcast clouds
152,Patiya,BD,22.2931,91.9762,82.35,83,75,4.61,light rain
153,Constitucion,CL,-35.3333,-72.4167,56.07,51,0,12.33,clear sky
154,Tuktoyaktuk,CA,69.4541,-133.0374,41.0,93,100,16.11,overcast clouds
155,Fairbanks,US,64.8378,-147.7164,50.59,93,100,5.75,light intensity drizzle
156,Dunedin,NZ,-45.8742,170.5036,43.81,82,17,1.99,few clouds
157,High Level,CA,58.5169,-117.136,48.31,81,20,2.3,few clouds
158,Naryan-Mar,RU,67.6713,53.087,43.21,88,100,7.67,overcast clouds
159,Mezen,RU,65.8522,44.24,46.24,91,100,9.06,overcast clouds
160,Lincoln,US,40.8,-96.667,79.29,68,0,10.36,clear sky
161,Paveh,IR,35.0434,46.3565,71.04,26,0,3.65,clear sky
162,Dryden,CA,49.7833,-92.7503,61.09,67,20,4.61,few clouds
163,Palmer,US,42.1584,-72.3287,78.57,52,20,1.01,few clouds
164,Cayeli,TR,41.0923,40.7292,66.45,70,0,4.45,clear sky
165,Gonda,IN,27.1333,81.9333,83.71,72,83,6.71,broken clouds
166,Kyzyl-Mazhalyk,RU,51.1333,90.6,46.6,86,81,1.95,broken clouds
167,Brae,GB,60.3964,-1.353,55.65,85,100,9.55,overcast clouds
168,Carballo,ES,43.213,-8.691,76.42,65,69,3.65,broken clouds
169,Dingle,PH,10.9995,122.6711,75.43,91,100,2.21,overcast clouds
170,Lagoa,PT,39.05,-27.9833,74.01,75,88,21.27,overcast clouds
171,Xam Nua,LA,20.4197,104.0439,66.87,100,100,1.03,overcast clouds
172,Dikson,RU,73.5069,80.5464,36.68,83,100,6.78,light rain
173,Iqaluit,CA,63.7506,-68.5145,47.93,87,100,26.46,overcast clouds
174,Bonga,ET,7.2833,36.2333,61.66,97,95,0.67,light rain
175,Kodiak,US,57.79,-152.4072,54.91,54,0,12.66,clear sky
176,Carupano,VE,10.6678,-63.2585,88.27,60,11,9.98,few clouds
177,Berlevag,NO,70.8578,29.0864,49.95,76,75,14.97,broken clouds
178,Gat,IL,31.61,34.7642,83.8,23,0,11.16,clear sky
179,Saint-Philippe,RE,-21.3585,55.7679,69.39,78,41,11.9,scattered clouds
180,Brigham City,US,41.5102,-112.0155,72.48,20,0,8.01,clear sky
181,Nanortalik,GL,60.1432,-45.2371,45.93,79,92,3.89,overcast clouds
182,Plaster Rock,CA,46.9065,-67.39,73.6,54,0,4.32,clear sky
183,Ormara,PK,25.2088,64.6357,83.05,80,13,13.71,few clouds
184,Casper,US,42.8666,-106.3131,45.19,92,100,18.41,overcast clouds
185,Teya,RU,60.3778,92.6267,44.13,91,99,7.05,light rain
186,Comodoro Rivadavia,AR,-45.8667,-67.5,55.26,47,0,19.57,clear sky
187,Butaritari,KI,3.0707,172.7902,81.45,74,99,12.35,light rain
188,Sao Joao Da Barra,BR,-21.6403,-41.0511,84.29,67,4,21.59,clear sky
189,Arraial Do Cabo,BR,-22.9661,-42.0278,89.56,61,0,19.57,clear sky
190,Port Hardy,CA,50.6996,-127.4199,51.98,100,100,5.75,mist
191,Nantucket,US,41.2835,-70.0995,77.11,53,0,13.8,clear sky
192,Galle,LK,6.0367,80.217,78.58,85,99,9.89,overcast clouds
193,Luderitz,NA,-26.6481,15.1594,60.89,74,0,15.75,clear sky
194,La Paz,BO,-16.5,-68.15,60.78,26,20,10.36,few clouds
195,Linxia,CN,35.6003,103.2064,58.32,42,6,5.84,clear sky
196,San Andres,CO,12.5847,-81.7006,87.82,74,40,8.05,scattered clouds
197,Presidencia Roque Saenz Pena,AR,-26.7852,-60.4388,74.43,26,0,14.18,clear sky
198,Kavieng,PG,-2.5744,150.7967,81.72,73,84,10.49,broken clouds
199,Egvekinot,RU,66.3167,-179.1667,33.04,81,0,1.28,clear sky
200,Tual,ID,-5.6667,132.75,80.64,82,100,15.61,overcast clouds
201,Mar Del Plata,AR,-38.0023,-57.5575,50.09,69,75,18.41,broken clouds
202,Kidal,ML,18.4411,1.4078,101.84,16,25,9.57,scattered clouds
203,Peleduy,RU,59.6289,112.7406,38.03,94,38,5.1,scattered clouds
204,Vire,FR,48.9167,-0.8333,65.59,80,98,14.67,overcast clouds
205,Wanning,CN,18.8003,110.3967,80.06,87,83,4.79,broken clouds
206,Severo-Kurilsk,RU,50.6789,156.125,52.03,95,64,11.34,broken clouds
207,Golden,US,39.7555,-105.2211,66.2,66,0,1.01,clear sky
208,Soe,ID,-9.8607,124.284,62.42,80,3,3.49,clear sky
209,Havelock,US,34.8791,-76.9013,84.18,75,100,12.66,overcast clouds
210,Bend,US,44.0582,-121.3153,64.45,31,0,4.61,clear sky
211,Anshun,CN,26.25,105.9333,64.06,85,100,3.51,overcast clouds
212,Wakkanai,JP,45.4094,141.6739,62.58,52,0,2.08,clear sky
213,Bandarbeyla,SO,9.4942,50.8122,77.23,85,79,27.87,broken clouds
214,Gavle,SE,60.6745,17.1417,57.38,59,87,1.01,overcast clouds
215,Sao Felix Do Xingu,BR,-6.6447,-51.995,99.41,23,99,4.5,overcast clouds
216,Avarua,CK,-21.2078,-159.775,71.65,88,15,4.61,few clouds
217,Taoudenni,ML,22.6783,-3.9836,111.54,7,8,13.6,clear sky
218,Huarmey,PE,-10.0681,-78.1522,67.5,68,19,11.43,few clouds
219,Husavik,IS,66.0449,-17.3389,61.39,62,49,7.65,scattered clouds
220,Sturlic,BA,45.0639,15.7781,65.1,86,54,2.86,broken clouds
221,Muzhi,RU,65.3667,64.6667,42.73,66,100,4.03,overcast clouds
222,Ilulissat,GL,69.2167,-51.1,46.42,71,75,4.61,broken clouds
223,Hailey,US,43.5196,-114.3153,60.89,34,100,8.05,smoke
224,Madang,PG,-5.2246,145.7966,76.23,90,80,3.18,broken clouds
225,Tevaitoa,PF,-16.7833,-151.5,77.99,76,8,21.3,light rain
226,Bouca,CF,6.5105,18.2733,72.37,95,88,0.72,light rain
227,Kamenka,RU,51.3223,42.7678,45.73,68,60,8.21,broken clouds
228,Ketchikan,US,55.3422,-131.6461,55.87,94,100,3.44,overcast clouds
229,Kudahuvadhoo,MV,2.6708,72.8944,82.58,74,100,12.35,overcast clouds
230,Maracaibo,VE,10.6317,-71.6406,89.37,55,66,2.77,broken clouds
231,Derbent,RU,42.0678,48.2899,69.78,67,80,2.73,broken clouds
232,Chagoda,RU,59.164,35.3285,43.07,79,33,3.13,scattered clouds
233,Xining,CN,36.6167,101.7667,52.9,54,3,2.01,clear sky
234,Waitati,NZ,-45.75,170.5667,43.81,83,21,2.84,few clouds
235,Okakarara,NA,-20.5833,17.4333,77.16,16,0,6.26,clear sky
236,Baikunthpur,IN,23.25,82.55,75.9,85,100,3.74,overcast clouds
237,Lepe,ES,37.2548,-7.2043,86.2,46,26,12.82,scattered clouds
238,Castro,BR,-24.7911,-50.0119,80.24,44,28,11.52,scattered clouds
239,Gamba,GA,-2.65,10.0,75.4,84,98,9.57,overcast clouds
240,Paamiut,GL,61.994,-49.6678,42.49,84,99,2.37,overcast clouds
241,Acapulco,MX,16.8634,-99.8901,84.47,70,96,9.66,overcast clouds
242,Leshukonskoye,RU,64.8989,45.7622,45.68,94,100,8.86,overcast clouds
243,Santa Ines,BR,-3.6667,-45.38,94.87,33,47,9.66,scattered clouds
244,Guadalajara,MX,20.6667,-103.3333,70.99,100,100,0.0,overcast clouds
245,Jati,PK,24.3539,68.2671,92.46,54,48,6.49,scattered clouds
246,Fort Morgan,US,40.2503,-103.8,61.45,59,100,13.8,overcast clouds
247,Tuatapere,NZ,-46.1333,167.6833,37.81,94,68,3.51,broken clouds
248,Lazaro Cardenas,MX,17.9583,-102.2,82.15,80,100,7.16,overcast clouds
249,Bambous Virieux,MU,-20.3428,57.7575,71.22,73,40,11.5,scattered clouds
250,Vanimo,PG,-2.6741,141.3028,76.91,89,77,4.0,broken clouds
251,Parfino,RU,57.9731,31.6481,46.06,71,5,3.31,clear sky
252,Pomabamba,PE,-8.8333,-77.4667,62.04,33,13,6.89,few clouds
253,Hibbing,US,47.4272,-92.9377,58.42,94,100,10.36,overcast clouds
254,Broken Hill,AU,-31.95,141.4333,48.04,88,9,14.47,clear sky
255,Vao,NC,-22.6667,167.4833,71.64,83,100,10.96,overcast clouds
256,Margate,GB,51.3813,1.3862,68.31,84,62,4.0,broken clouds
257,Gudari,IN,19.35,83.7833,78.17,91,93,3.65,very heavy rain
258,Bathsheba,BB,13.2167,-59.5167,88.41,70,40,14.97,scattered clouds
259,Caravelas,BR,-17.7125,-39.2481,78.4,50,16,10.74,few clouds
260,Namatanai,PG,-3.6667,152.4333,78.46,78,98,7.29,overcast clouds
261,Ovada,IT,44.6384,8.6453,77.4,55,2,2.44,clear sky
262,Pangai,TO,-19.8,-174.35,76.77,66,83,16.35,broken clouds
263,Dambulla,LK,7.86,80.6517,76.82,74,92,12.71,overcast clouds
264,Gobabis,NA,-22.45,18.9667,77.32,15,0,8.3,clear sky
265,Mehamn,NO,71.0357,27.8492,49.91,93,75,12.66,broken clouds
266,Longhua,CN,23.6137,114.1919,77.16,85,23,2.13,few clouds
267,Pacific Grove,US,36.6177,-121.9166,65.88,86,0,7.0,haze
268,Huilong,CN,31.8111,121.655,74.93,70,100,6.62,overcast clouds
269,Saint Joseph,US,39.7686,-94.8466,82.56,57,0,8.05,clear sky
270,Vostok,RU,46.4856,135.8833,43.66,83,4,3.04,clear sky
271,Necochea,AR,-38.5473,-58.7368,47.41,61,99,21.94,overcast clouds
272,Grindavik,IS,63.8424,-22.4338,53.55,100,100,10.36,overcast clouds
273,Caxito,AO,-8.5785,13.6643,74.71,74,77,10.74,broken clouds
274,Hofn,IS,64.2539,-15.2082,53.62,94,100,8.05,mist
275,Taitung,TW,22.7583,121.1444,77.05,80,29,9.26,scattered clouds
276,Sitka,US,57.0531,-135.33,55.29,88,100,5.75,overcast clouds
277,Sur,OM,22.5667,59.5289,81.95,67,16,7.29,few clouds
278,Okha,RU,53.5739,142.9478,52.02,68,55,14.03,broken clouds
279,Upernavik,GL,72.7868,-56.1549,41.31,92,100,18.37,light rain
280,Kentau,KZ,43.5206,68.5094,71.11,24,22,7.31,few clouds
281,Nouakchott,MR,18.0858,-15.9785,84.49,74,57,13.89,broken clouds
282,Stokmarknes,NO,68.5646,14.9108,49.96,81,75,2.3,broken clouds
283,Jorhat,IN,26.75,94.2167,75.42,84,98,3.38,overcast clouds
284,Anito,PH,12.4497,125.2886,77.16,91,100,6.29,overcast clouds
285,Dashitou,CN,43.3067,128.5114,57.92,90,0,3.02,clear sky
286,Puerto Penasco,MX,31.3167,-113.5333,83.88,69,92,32.01,overcast clouds
287,Isangel,VU,-19.55,169.2667,74.08,89,100,12.3,overcast clouds
288,Eyl,SO,7.9803,49.8164,78.01,80,97,24.43,overcast clouds
289,Verkhoyansk,RU,67.5447,133.385,39.38,92,95,2.35,overcast clouds
290,Alekseyevka,RU,50.6309,38.6903,48.67,52,19,7.07,few clouds
291,Pevek,RU,69.7008,170.3133,41.25,70,10,16.93,clear sky
292,Koumac,NC,-20.5667,164.2833,71.02,83,60,6.85,broken clouds
293,Sar-E Pul,AF,35.8333,66.1667,66.4,28,0,4.83,clear sky
294,Auki,SB,-8.7676,160.7034,75.54,89,87,4.16,overcast clouds
295,Beaupre,CA,47.0443,-70.8953,78.46,69,66,4.61,broken clouds
296,Akdepe,TM,42.0551,59.3788,75.29,29,22,10.92,few clouds
297,Clyde River,CA,70.4692,-68.5914,39.43,93,100,3.44,overcast clouds
298,Damietta,EG,31.4165,31.8133,82.29,68,0,12.41,clear sky
299,Richards Bay,ZA,-28.783,32.0377,69.39,84,2,3.83,clear sky
300,Kruisfontein,ZA,-34.0033,24.7314,64.89,93,0,3.65,clear sky
301,Flinders,AU,-34.5833,150.8552,58.37,79,81,3.0,broken clouds
302,Eskisehir,TR,39.7767,30.5206,80.47,29,0,4.61,clear sky
303,Flin Flon,CA,54.7682,-101.865,51.64,58,75,16.11,broken clouds
304,Pizarro,CO,4.9533,-77.366,80.6,81,100,5.73,light rain
305,Aden,YE,12.7794,45.0367,87.13,70,40,3.38,scattered clouds
306,Viedma,AR,-40.8135,-62.9967,54.93,28,6,12.48,clear sky
307,Anadyr,RU,64.75,177.4833,41.5,86,0,6.71,clear sky
308,Marsh Harbour,BS,26.5412,-77.0636,87.31,63,64,8.9,broken clouds
309,Chokurdakh,RU,70.6333,147.9167,39.29,93,100,8.66,overcast clouds
310,Mae Hong Son,TH,19.3003,97.9685,74.59,99,100,0.92,overcast clouds
311,Lukovetskiy,RU,64.2956,41.9211,46.22,92,90,5.03,overcast clouds
312,Ulladulla,AU,-35.35,150.4667,54.19,87,87,6.44,light rain
313,Agadez,NE,19.75,10.25,97.77,12,0,9.08,clear sky
314,Jalu,LY,29.0331,21.5482,88.74,29,3,10.09,clear sky
315,Iquique,CL,-20.2208,-70.1431,60.84,66,0,9.42,clear sky
316,Broome,US,42.2506,-75.833,78.66,62,0,5.01,clear sky
317,Salmas,IR,38.1973,44.7653,69.04,32,0,3.85,clear sky
318,Marand,IR,38.4329,45.7749,71.08,35,0,5.01,clear sky
319,Nchelenge,ZM,-9.3451,28.734,76.39,46,21,4.32,few clouds
320,Kattivakkam,IN,13.2167,80.3167,84.29,73,100,11.81,heavy intensity rain
321,Duartina,BR,-22.4144,-49.4039,94.35,19,29,12.77,scattered clouds
322,Amalapuram,IN,16.5833,82.0167,75.29,98,100,4.14,light rain
323,Geraldton,AU,-28.7667,114.6,48.61,93,1,5.75,clear sky
324,Faya,SA,18.3851,42.4509,77.52,28,71,8.99,broken clouds
325,Havre-Saint-Pierre,CA,50.2334,-63.5986,61.16,88,100,3.44,overcast clouds
326,San Javier,ES,37.8063,-0.8374,97.57,35,0,10.0,clear sky
327,Filingue,NE,14.3521,3.3168,88.92,51,100,12.73,overcast clouds
328,Dutse,NG,11.7594,9.3392,77.09,76,69,5.73,broken clouds
329,Saint-Francois,FR,46.4154,3.9054,65.68,68,0,6.91,clear sky
330,Zhigansk,RU,66.7697,123.3711,42.8,90,100,15.17,overcast clouds
331,Indianola,US,41.3581,-93.5574,84.69,49,0,10.63,clear sky
332,Taloqan,AF,36.7361,69.5345,77.85,20,0,2.3,clear sky
333,Wajir,KE,1.7471,40.0573,86.25,36,81,23.51,broken clouds
334,Medina,SA,24.4686,39.6142,108.03,6,0,6.91,clear sky
335,Aljezur,PT,37.3191,-8.8033,75.27,73,20,13.18,few clouds
336,Valparaiso,CL,-33.0393,-71.6273,61.03,54,0,8.05,clear sky
337,Jaguey Grande,CU,22.5269,-81.1286,88.68,62,65,8.72,broken clouds
338,Hede,CN,33.7681,120.2517,66.87,68,99,3.04,overcast clouds
339,Ekhabi,RU,53.5102,142.9671,50.81,68,51,12.91,broken clouds
340,Beaverlodge,CA,55.2166,-119.4361,49.35,43,77,7.14,broken clouds
341,Taltal,CL,-25.4,-70.4833,60.67,63,9,6.13,clear sky
342,Mariental,NA,-24.6333,17.9667,81.97,9,0,2.86,clear sky
343,Mizdah,LY,31.4451,12.9801,91.47,21,0,14.63,clear sky
344,Bell Ville,AR,-32.6259,-62.6887,63.66,24,0,13.89,clear sky
345,Bairiki,KI,1.3292,172.9752,80.6,78,20,11.5,few clouds
346,Roald,NO,62.5833,6.1333,63.52,82,0,3.44,clear sky
347,Lompoc,US,34.6391,-120.4579,92.79,63,0,1.14,clear sky
348,Port Lincoln,AU,-34.7333,135.8667,55.13,68,95,8.86,overcast clouds
349,Korla,CN,41.7597,86.1469,81.77,17,1,1.32,clear sky
350,Yankton,US,42.8711,-97.3973,61.05,82,100,12.66,overcast clouds
351,Kholtoson,RU,50.2981,103.3097,47.73,94,50,4.65,scattered clouds
352,Tommot,RU,58.9564,126.2925,45.14,86,92,10.16,overcast clouds
353,Bereda,ES,43.2686,-7.5406,80.15,51,62,5.41,broken clouds
354,Kavaratti,IN,10.5669,72.642,79.95,85,42,19.64,scattered clouds
355,Tamsalu,EE,59.1586,26.1153,45.93,69,7,5.7,clear sky
356,Maniitsoq,GL,65.4167,-52.9,44.49,80,95,3.8,overcast clouds
357,Saint-Ambroise,CA,48.5501,-71.3324,73.22,50,62,1.54,broken clouds
358,Concarneau,FR,47.875,-3.9225,65.19,79,25,14.97,scattered clouds
359,Mustafakemalpasa,TR,40.0353,28.4117,70.36,51,0,2.98,clear sky
360,Hovd,MN,48.0056,91.6419,58.19,50,36,4.36,scattered clouds
361,Vila Franca Do Campo,PT,37.7167,-25.4333,80.2,92,99,17.11,light rain
362,Dera Ghazi Khan,PK,30.0561,70.6348,93.22,34,0,6.4,clear sky
363,Airai,TL,-8.9266,125.4092,57.83,67,4,1.52,clear sky
364,Nortelandia,BR,-14.4547,-56.8028,103.86,17,5,6.04,clear sky
365,Ouadda,CF,8.0777,22.4007,69.66,96,83,2.75,moderate rain
366,Charcas,MX,23.1333,-101.1167,70.0,46,84,1.97,broken clouds
367,Fomboni,KM,-12.28,43.7425,76.69,73,9,4.25,clear sky
368,Sinnamary,GF,5.3833,-52.95,86.16,61,25,13.33,scattered clouds
369,Ranong,TH,9.9658,98.6348,78.48,87,63,5.01,broken clouds
370,Virovitica,HR,45.8319,17.3839,69.39,81,75,3.69,light rain
371,Natagaima,CO,3.6206,-75.0941,92.44,41,7,1.43,clear sky
372,Mehriz,IR,31.5917,54.4318,88.3,13,0,3.78,clear sky
373,Port Moresby,PG,-9.4431,147.1797,75.65,92,42,5.5,scattered clouds
374,Sao Filipe,CV,14.8961,-24.4956,79.86,81,14,7.43,few clouds
375,Cabo San Lucas,MX,22.8909,-109.9124,88.05,80,97,3.0,overcast clouds
376,Vardo,NO,70.3705,31.1107,48.18,87,75,4.61,light rain
377,Mojo,ET,8.6,39.1167,63.95,79,94,3.94,light rain
378,Acandi,CO,8.5063,-77.2778,83.62,79,61,3.04,broken clouds
379,Pusztaszabolcs,HU,47.1372,18.767,77.38,34,43,1.34,scattered clouds
380,Mount Gambier,AU,-37.8333,140.7667,50.72,86,93,10.94,overcast clouds
381,Petropavlovsk-Kamchatskiy,RU,53.0452,158.6483,54.19,100,75,4.47,light intensity shower rain
382,Takanabe,JP,32.1333,131.5,73.71,86,49,4.45,scattered clouds
383,Novo Aripuana,BR,-5.1206,-60.3797,86.83,55,79,5.39,broken clouds
384,Lexington,US,37.9887,-84.4777,83.95,61,0,5.75,clear sky
385,Kropotkin,RU,45.4375,40.5756,64.71,41,39,6.98,scattered clouds
386,Kaka,TM,37.3482,59.6143,82.15,22,0,1.77,clear sky
387,Sembakung,ID,3.8167,117.25,72.81,98,100,1.43,overcast clouds
388,Buchanan,LR,5.8808,-10.0467,80.44,70,31,10.38,scattered clouds
389,Katsuura,JP,35.1333,140.3,75.96,86,99,16.02,overcast clouds
390,Vila,PT,42.0304,-8.1588,72.7,53,44,5.73,scattered clouds
391,Belaya Gora,RU,68.5333,146.4167,41.07,90,100,5.3,overcast clouds
392,Horadiz,AZ,39.4488,47.3353,72.37,54,0,4.36,clear sky
393,Esperance,AU,-33.8667,121.9,53.87,79,97,8.75,overcast clouds
394,Barkhan,PK,29.8977,69.5256,82.24,53,51,2.06,broken clouds
395,Burdur,TR,37.7203,30.2908,75.9,20,0,9.22,clear sky
396,Balikpapan,ID,-1.2675,116.8289,76.19,100,20,3.44,few clouds
397,Pyay,MM,18.8167,95.2167,75.6,96,92,5.97,heavy intensity rain
398,Pitimbu,BR,-7.4706,-34.8086,82.99,59,39,11.01,scattered clouds
399,Oulainen,FI,64.2667,24.8,48.81,78,93,4.56,overcast clouds
400,Muros,ES,42.7762,-9.0603,79.68,62,52,5.28,broken clouds
401,Alofi,NU,-19.0595,-169.9187,71.49,94,11,10.36,few clouds
402,Yulara,AU,-25.2406,130.9889,61.03,35,99,7.09,overcast clouds
403,Ramshir,IR,30.8946,49.4092,100.26,41,0,8.79,clear sky
404,Tazovskiy,RU,67.4667,78.7,36.23,93,98,7.96,overcast clouds
405,Nalut,LY,30.3333,10.85,96.69,16,0,11.77,clear sky
406,Nianzishan,CN,47.5167,122.8833,63.43,66,0,8.77,clear sky
407,Sao Jose Da Coroa Grande,BR,-8.8978,-35.1478,79.47,66,38,9.1,scattered clouds
408,Dalbandin,PK,28.8947,64.4101,91.81,13,0,4.27,clear sky
409,Imeni Poliny Osipenko,RU,52.4201,136.4853,48.56,79,42,6.49,scattered clouds
410,Coahuayana,MX,18.7333,-103.6833,82.76,85,99,2.57,overcast clouds
411,Deniliquin,AU,-35.5333,144.9667,46.99,99,32,8.52,scattered clouds
412,Mora,CM,11.0461,14.1401,73.65,89,100,8.7,moderate rain
413,Edson,CA,53.5835,-116.4356,50.14,76,0,8.05,clear sky
414,Tadine,NC,-21.55,167.8833,71.08,90,100,8.05,overcast clouds
415,Sobolevo,RU,54.4299,31.8996,45.7,61,5,5.93,clear sky
416,Soure,BR,-0.7167,-48.5233,84.92,65,1,13.6,clear sky
417,Mazagao,BR,-0.115,-51.2894,95.05,48,93,6.8,overcast clouds
418,Cayenne,GF,4.9333,-52.3333,87.84,62,75,13.8,broken clouds
419,Sawakin,SD,19.1059,37.3321,91.36,48,5,7.92,clear sky
420,Farah,AF,32.5,62.5,85.71,12,0,1.86,clear sky
421,Ancud,CL,-41.8697,-73.8203,51.22,85,87,5.28,light rain
422,San Vicente,AR,-26.6167,-54.1333,84.61,39,40,8.63,scattered clouds
423,Mecca,SA,21.4267,39.8261,93.38,31,6,2.15,clear sky
424,Rayong,TH,12.8333,101.4333,84.79,99,92,2.1,overcast clouds
425,Bongandanga,CD,1.5,21.05,73.94,80,53,0.31,broken clouds
426,Nouadhibou,MR,20.931,-17.0347,80.58,65,42,13.8,scattered clouds
427,Tamiahua,MX,21.2667,-97.45,82.0,70,100,0.78,overcast clouds
428,La Tuque,CA,47.4334,-72.7824,73.65,56,59,5.75,broken clouds
429,Padang,ID,-0.9492,100.3543,77.13,83,100,3.98,overcast clouds
430,Fortuna,US,40.5982,-124.1573,64.98,89,0,3.44,clear sky
431,Mackenzie,CA,55.2999,-123.1698,43.02,100,100,8.05,overcast clouds
432,Yarada,IN,17.65,83.2667,80.92,94,75,6.91,thunderstorm
433,Tatarsk,RU,55.219,75.9828,52.27,48,99,5.64,overcast clouds
434,Puebla,MX,18.8333,-98.0,69.01,61,88,4.41,overcast clouds
435,Barranco,PA,9.5167,-82.7,86.92,60,100,4.16,overcast clouds
436,Abha,SA,18.2164,42.5053,77.25,13,40,13.8,scattered clouds
437,Rio Hato,PA,8.3833,-80.1667,85.14,70,40,8.05,scattered clouds
438,Wisconsin Rapids,US,44.3836,-89.8174,79.29,65,0,9.22,clear sky
439,Sahuaripa,MX,29.05,-109.2333,81.01,69,99,2.33,overcast clouds
440,Nome,US,64.5011,-165.4064,48.27,81,100,8.05,overcast clouds
441,Giarre,IT,37.7269,15.1877,94.32,58,31,0.92,scattered clouds
442,Pangnirtung,CA,66.1451,-65.7125,53.6,76,75,6.91,broken clouds
443,Olga,RU,43.7444,135.2892,52.81,76,0,5.44,clear sky
444,Rio Pardo De Minas,BR,-15.6097,-42.5397,87.01,21,0,7.45,clear sky
445,Entrerrios,CO,6.5654,-75.5169,70.29,62,96,3.78,overcast clouds
446,Orange Cove,US,36.6244,-119.3137,101.61,16,0,6.91,clear sky
447,Najran,SA,17.4924,44.1277,90.25,16,29,7.29,scattered clouds
448,Ferreiras,PT,37.1293,-8.2376,83.28,58,30,11.34,scattered clouds
449,Ende,ID,-8.8432,121.6623,75.76,88,26,2.44,scattered clouds
450,Usogorsk,RU,63.4106,48.6872,44.15,97,100,6.55,light rain
451,Impfondo,CG,1.6381,18.0667,78.46,73,94,3.18,overcast clouds
452,Hokitika,NZ,-42.7167,170.9667,43.56,82,3,4.0,clear sky
453,Dicabisagan,PH,17.0818,122.4157,78.62,88,100,4.43,overcast clouds
454,Safranbolu,TR,41.2508,32.6942,65.08,64,0,3.09,clear sky
455,Scarborough,GB,54.2797,-0.4044,67.57,83,22,4.0,few clouds
456,Russell,US,32.3502,-85.1999,79.88,83,75,10.36,broken clouds
457,Faanui,PF,-16.4833,-151.75,78.35,75,3,21.34,clear sky
458,Waipawa,NZ,-41.4122,175.5153,46.69,93,99,5.44,overcast clouds
459,Sioux Lookout,CA,50.1001,-91.917,60.87,72,75,3.44,broken clouds
460,Shiliguri,IN,26.7,88.4333,79.7,82,68,4.88,broken clouds
461,Orlik,RU,52.5178,99.825,45.09,87,84,4.03,broken clouds
462,Nioaque,BR,-21.1353,-55.83,100.27,21,9,10.49,clear sky
463,Olmos,PE,-5.9847,-79.7453,77.9,50,97,5.17,overcast clouds
464,Komsomolskiy,UZ,40.4272,71.7189,75.92,53,1,6.91,clear sky
465,Ocampo,MX,21.65,-101.5,66.96,57,96,2.91,overcast clouds
466,Terrasini,IT,38.146,13.0844,85.6,81,0,8.05,clear sky
467,Santiago De Cao,PE,-7.9589,-79.2392,62.73,82,75,12.66,fog
468,Madoc,CA,44.5084,-77.4745,80.31,50,0,5.64,clear sky
469,Yinchuan,CN,38.4681,106.2731,64.69,56,6,0.92,clear sky
470,Jijiga,ET,9.35,42.8,65.32,83,100,3.53,light rain
471,Asuncion,PY,-25.3007,-57.6359,72.84,53,0,17.27,clear sky
472,Ariquemes,BR,-9.9133,-63.0408,104.02,25,27,3.06,scattered clouds
473,Gawler,AU,-34.6,138.7333,53.51,97,90,5.01,overcast clouds
474,Bainbridge,US,47.6262,-122.5212,67.15,68,0,14.0,clear sky
475,Guerrero Negro,MX,27.9769,-114.0611,76.12,78,100,9.98,overcast clouds
476,Mingshui,CN,36.7167,117.5,71.8,56,100,2.39,overcast clouds
477,Marondera,ZW,-18.1853,31.5519,59.05,28,0,6.22,clear sky
478,Forbes,AU,-33.3833,148.0167,54.91,97,95,9.53,overcast clouds
479,Port Augusta,AU,-32.5,137.7667,48.83,91,12,4.29,few clouds
480,Tiarei,PF,-17.5333,-149.3333,73.42,73,21,26.69,few clouds
481,Ginir,ET,7.1333,40.7,65.59,63,89,2.57,overcast clouds
482,Elizabeth City,US,36.2946,-76.2511,82.42,66,38,13.44,scattered clouds
483,Along,IN,28.1667,94.7667,73.44,83,99,1.16,light rain
484,Vila Velha,BR,-20.3297,-40.2925,82.35,66,0,19.57,clear sky
485,Maraa,BR,-1.8333,-65.3667,86.36,63,78,1.61,broken clouds
486,Chimbote,PE,-9.0853,-78.5783,67.1,69,36,10.56,scattered clouds
487,Rodrigues Alves,BR,-7.738,-72.6509,89.8,29,13,3.91,few clouds
488,Naze,JP,28.3667,129.4833,79.72,79,81,4.36,broken clouds
489,Hami,CN,42.8,93.45,83.1,12,0,11.56,clear sky
490,Thouars,FR,46.976,-0.2151,71.2,57,74,15.79,broken clouds
491,Jalapa,MX,19.5333,-96.9167,73.35,56,100,4.0,overcast clouds
492,Tatvan,TR,38.5067,42.2817,64.45,21,0,6.85,clear sky
493,Kuryk,KZ,43.2,51.65,70.83,56,0,16.4,clear sky
494,Mackay,AU,-21.15,149.2,68.68,92,1,5.99,clear sky
495,Morros,BR,-9.4467,-46.3003,96.55,18,28,5.5,scattered clouds
496,Yerbogachen,RU,61.2767,108.0108,35.24,80,18,8.48,few clouds
497,Thanh Hoa,VN,19.8,105.7667,73.92,97,98,3.65,overcast clouds
498,San Jose De Guanipa,VE,8.8872,-64.1651,88.56,50,57,9.95,broken clouds
499,Los Llanos De Aridane,ES,28.6585,-17.9182,76.75,81,20,13.8,few clouds
500,Salalah,OM,17.0151,54.0924,77.18,79,93,3.6,overcast clouds
501,Puerto Colombia,CO,10.9878,-74.9547,87.89,73,68,5.08,broken clouds
502,Yar-Sale,RU,66.8333,70.8333,40.91,72,99,6.71,overcast clouds
503,Kampene,CD,-3.6,26.6667,81.68,41,82,2.19,broken clouds
504,Montbrison,FR,45.6667,4.0833,71.94,55,65,11.05,light rain
505,Tabuleiro Do Norte,BR,-5.2467,-38.1306,96.87,23,20,8.21,few clouds
506,Christchurch,NZ,-43.5333,172.6333,49.91,93,100,5.75,overcast clouds
507,Rocha,UY,-34.4833,-54.3333,50.38,66,100,18.86,overcast clouds
508,Talaya,RU,61.3833,152.75,44.96,93,100,3.78,light rain
509,Umm Kaddadah,SD,13.6017,26.6876,94.59,31,85,8.01,overcast clouds
510,Nadbai,IN,27.2333,77.2,89.26,50,76,6.11,broken clouds
511,Matara,LK,5.9485,80.5353,77.52,88,98,8.84,overcast clouds
512,Bambanglipuro,ID,-7.95,110.2833,74.95,93,100,2.35,overcast clouds
513,Hervey Bay,AU,-25.2986,152.8535,64.0,90,59,8.08,broken clouds
514,Darab,IR,28.7519,54.5444,89.76,17,0,3.83,clear sky
515,Coxim,BR,-18.5067,-54.76,102.22,15,34,12.1,scattered clouds
516,Verkhnevilyuysk,RU,63.4453,120.3167,39.36,84,100,14.25,overcast clouds
517,Hohhot,CN,40.8106,111.6522,61.09,59,0,4.47,clear sky
518,Jinka,ET,5.65,36.65,72.28,55,97,1.43,overcast clouds
519,Baykit,RU,61.67,96.37,42.26,94,100,6.76,light rain
520,Waw,SS,7.7029,27.9953,74.66,92,65,1.3,light rain
521,Camalu,MX,30.85,-116.0667,73.76,82,100,28.36,overcast clouds
522,Abhar,IR,36.1468,49.218,64.44,59,8,6.93,clear sky
523,Dossor,KZ,47.5272,52.9811,59.81,68,78,9.42,broken clouds
524,Dwarka,IN,22.2394,68.9678,82.31,84,97,8.68,overcast clouds
525,Porto Novo,BJ,6.4965,2.6036,80.42,73,82,10.33,broken clouds
526,Hobyo,SO,5.3505,48.5268,76.39,85,99,24.79,overcast clouds
527,Saint-Paul,RE,-21.0096,55.2707,70.36,74,26,1.63,scattered clouds
528,Yershichi,RU,53.6725,32.7542,45.59,58,4,4.07,clear sky
529,Zhaotong,CN,27.3167,103.7167,57.6,97,100,6.93,overcast clouds
530,Yanaul,RU,56.2719,54.9309,46.38,78,88,8.43,overcast clouds
531,Puerto Del Rosario,ES,28.5004,-13.8627,78.55,73,20,20.71,few clouds
532,Lokosovo,RU,61.1333,74.8167,42.87,82,100,1.1,overcast clouds
533,Asau,RO,46.4333,26.4,63.52,81,94,0.89,overcast clouds
534,Liberal,US,37.0431,-100.921,81.64,41,0,11.5,clear sky
535,Keratea,GR,37.8073,23.9769,82.58,47,0,8.05,clear sky
536,Mulanje,MW,-16.0316,35.5,71.51,41,45,4.0,scattered clouds
537,Mersing,MY,2.4312,103.8405,76.91,88,40,5.75,light rain
538,Algiers,DZ,36.7525,3.042,84.02,48,0,5.75,clear sky
539,Tagbac,PH,7.089,125.1567,71.29,95,94,0.98,overcast clouds
540,Banda Aceh,ID,5.5577,95.3222,78.44,80,71,9.44,broken clouds
541,Meulaboh,ID,4.1363,96.1285,76.14,84,46,3.96,scattered clouds
542,Prescott,US,34.54,-112.4685,75.67,55,100,3.0,overcast clouds
543,Mount Isa,AU,-20.7333,139.5,65.97,34,1,8.05,clear sky
544,Athens,GR,37.9795,23.7162,84.27,53,0,7.0,clear sky
545,Boyolangu,ID,-8.1181,111.8935,74.61,89,96,2.46,overcast clouds
546,Jibuti,DJ,11.5,42.5,91.2,35,70,3.49,broken clouds
547,Kurilsk,RU,45.2333,147.8833,58.26,93,1,6.69,clear sky
548,College,US,64.8569,-147.8028,50.58,92,100,1.01,overcast clouds
549,Tocopilla,CL,-22.092,-70.1979,64.74,66,9,10.51,clear sky
550,Coro,VE,11.4045,-69.6734,90.0,58,91,13.65,overcast clouds
551,Kaeo,NZ,-35.1,173.7833,43.32,93,10,4.41,clear sky
552,Pisco,PE,-13.7,-76.2167,64.45,68,0,10.36,clear sky
553,Milazzo,IT,38.2212,15.2383,86.58,81,10,5.01,clear sky
554,Lujan,AR,-34.5703,-59.105,55.11,53,14,8.99,few clouds
555,Homer,US,59.6425,-151.5483,49.8,74,74,15.99,broken clouds
556,Kilinochchi,LK,9.3961,80.3982,79.84,79,69,14.88,broken clouds
557,Bam,IR,29.106,58.357,87.66,9,0,7.54,clear sky
558,Samarai,PG,-10.6167,150.6667,80.1,83,50,9.19,scattered clouds
559,Lasa,IT,46.6166,10.7002,59.36,92,99,3.44,overcast clouds
560,Basarabeasca,MD,46.3311,28.9728,72.27,50,91,14.94,overcast clouds
561,Beringovskiy,RU,63.05,179.3167,43.63,77,3,4.07,clear sky
562,Port Hedland,AU,-20.3167,118.5667,68.05,73,38,11.5,scattered clouds
563,Miraflores,MX,19.2167,-98.8083,73.98,51,93,3.74,overcast clouds
564,Tateyama,JP,34.9833,139.8667,76.1,86,99,12.19,overcast clouds
565,Polyarnyye Zori,RU,67.3661,32.4981,45.86,71,100,6.62,light rain
566,Sarangani,PH,5.4033,125.4636,82.56,72,94,0.54,overcast clouds
567,Matane,CA,48.8286,-67.522,63.12,76,2,4.32,clear sky
568,Kirpilskaya,RU,45.377,39.6931,64.33,44,29,6.44,scattered clouds
569,Ligayan,PH,4.6533,119.4706,83.03,73,100,4.79,overcast clouds
570,Turkan,AZ,40.3639,50.215,69.98,78,20,13.8,few clouds
571,Izhma,RU,65.0083,53.9113,42.91,98,100,3.8,light rain
572,Mogadishu,SO,2.0371,45.3438,76.51,80,100,16.53,overcast clouds
573,Kawalu,ID,-7.3817,108.2082,70.83,96,100,1.5,light rain
574,Tolaga Bay,NZ,-38.3667,178.3,53.13,89,100,11.3,overcast clouds
575,Maceio,BR,-9.6658,-35.7353,80.04,73,75,11.5,broken clouds
576,Laguna,US,38.421,-121.4238,88.14,32,0,6.91,clear sky
577,Bangolo,CI,7.0069,-7.475,78.76,89,66,2.46,light rain
578,Lamu,KE,-2.2717,40.902,77.22,85,70,14.38,broken clouds
579,Kedrovoye,RU,57.1576,60.5698,42.24,89,99,5.06,overcast clouds
580,Shebunino,RU,46.4339,141.8603,56.32,57,0,3.98,clear sky
581,Itarema,BR,-2.9248,-39.9167,86.5,53,8,18.45,clear sky
582,Trairi,BR,-3.2778,-39.2689,85.57,52,3,16.22,clear sky
583,Santa Cruz Cabralia,BR,-16.2781,-39.0247,77.23,57,75,12.66,broken clouds
584,Jiwani,PK,25.05,61.7417,81.99,81,0,13.29,clear sky
585,Panaba,MX,21.2833,-88.2667,82.29,76,100,10.33,overcast clouds
586,Yaransk,RU,57.3033,47.8861,45.45,67,100,7.31,overcast clouds
587,Moerai,PF,-22.4333,-151.3333,74.08,81,5,18.88,clear sky
588,Oktyabrskoye,RU,43.0645,44.7417,64.54,45,75,0.0,broken clouds
589,San Policarpo,PH,12.1791,125.5072,77.81,88,100,6.64,overcast clouds
590,Lakes Entrance,AU,-37.8811,147.981,46.17,90,100,5.88,overcast clouds
591,Murray Bridge,AU,-35.1167,139.2667,54.12,91,25,12.24,scattered clouds
592,Murgab,TM,37.4966,61.9714,82.27,32,0,4.61,clear sky
593,Passo Fundo,BR,-28.2628,-52.4067,80.85,57,100,11.5,haze
594,Kabakovo,RU,54.5369,56.1517,46.69,100,75,4.47,mist
595,Naifaru,MV,5.4444,73.3657,80.82,84,51,14.65,broken clouds
596,San Ramon,US,37.7799,-121.978,89.4,48,0,1.99,haze
597,Rio Grande,BR,-32.035,-52.0986,69.91,93,99,23.17,moderate rain
598,Gigmoto,PH,13.7796,124.39,79.38,87,100,4.99,overcast clouds
599,Manicore,BR,-5.8092,-61.3003,93.15,52,75,8.05,broken clouds
600,Baruun-Urt,MN,46.6806,113.2792,63.7,30,0,6.98,clear sky
601,Malakal,SS,9.5334,31.6605,75.74,84,56,4.41,light rain
602,Oparino,RU,59.8518,48.2783,41.18,94,100,7.18,overcast clouds
603,Taree,AU,-31.9,152.4667,51.12,100,40,2.3,scattered clouds
604,Carazinho,BR,-28.2839,-52.7864,81.84,68,72,15.97,broken clouds
605,Atar,MR,20.5169,-13.0499,105.06,19,21,11.9,few clouds
606,Saint-Georges,GD,12.0564,-61.7485,87.48,70,40,20.71,scattered clouds
607,Wuwei,CN,37.9281,102.6414,65.32,26,0,3.83,clear sky
608,Tekeli,KZ,44.83,78.8239,63.36,44,88,3.47,overcast clouds
609,Tuljapur,IN,18.0,76.0833,76.06,83,100,7.25,overcast clouds
610,San Quintin,MX,30.4833,-115.95,72.28,89,100,26.84,overcast clouds
611,Danville,US,36.586,-79.395,79.29,59,20,8.05,few clouds
612,San Bernardo,CL,-33.6,-70.7167,63.45,30,0,2.46,clear sky
613,Inhambane,MZ,-23.865,35.3833,67.14,78,0,8.25,clear sky
614,Kirakira,SB,-10.4544,161.9205,78.42,83,29,6.67,scattered clouds
615,Satrikh,IN,26.8667,81.2,86.07,67,99,6.67,overcast clouds
616,Miharu,JP,37.4333,140.4833,69.71,98,95,3.04,overcast clouds
617,Boffa,GN,10.1667,-14.0333,76.12,91,100,5.03,overcast clouds
618,Hearst,CA,49.6835,-83.6665,55.65,98,100,1.01,moderate rain
619,Traralgon,AU,-38.1833,146.5333,51.48,99,100,2.39,overcast clouds
620,Great Falls,US,47.5002,-111.3008,47.59,90,100,11.5,overcast clouds
621,Sakakah,SA,29.9697,40.2064,105.37,9,1,6.49,clear sky
622,Buala,SB,-8.145,159.5921,79.16,84,80,8.19,light rain
623,Axim,GH,4.8699,-2.2405,77.05,80,40,10.8,scattered clouds
624,Evanston,US,42.0411,-87.6901,81.81,50,0,5.99,clear sky
625,Almeirim,BR,-1.5233,-52.5817,94.57,39,22,7.2,few clouds
626,Coquimbo,CL,-29.9533,-71.3436,60.53,58,0,11.5,clear sky
627,Razole,IN,16.4833,81.8333,75.02,98,100,4.23,moderate rain
628,Lakota,CI,5.8528,-5.6883,76.84,85,85,4.68,light rain
629,Lar,IN,26.2039,83.9717,81.09,81,95,6.2,overcast clouds
630,Mawlaik,MM,23.6333,94.4167,76.24,98,52,0.81,broken clouds
631,Sumbe,AO,-11.2061,13.8437,72.37,84,33,6.58,scattered clouds
632,Cabra,ES,37.4725,-4.4421,91.22,25,63,7.65,broken clouds
633,Cockburn Town,TC,21.4612,-71.1419,83.68,68,0,5.48,clear sky
634,Kant,IN,27.8,79.8,88.03,55,97,6.06,overcast clouds
635,Hualmay,PE,-11.0964,-77.6139,65.7,67,25,11.01,scattered clouds
636,Lang Suan,TH,9.9456,99.0785,76.21,92,50,3.83,light rain
637,Kortkeros,RU,61.8106,51.5806,44.6,98,100,6.6,light rain
638,Myingyan,MM,21.4667,95.3833,80.96,80,100,7.38,moderate rain
639,Robertsport,LR,6.7533,-11.3686,79.45,77,83,9.31,broken clouds
640,Kobayashi,JP,31.9833,130.9833,69.82,92,26,2.13,scattered clouds
641,Yeniseysk,RU,58.4497,92.1703,44.15,89,100,4.97,overcast clouds
642,Oranjestad,AW,12.524,-70.027,85.95,79,40,21.85,scattered clouds
643,Skjervoy,NO,70.0311,20.9714,50.0,83,100,10.16,overcast clouds
644,Morondava,MG,-20.2833,44.2833,74.55,77,0,13.65,clear sky
645,Andapa,MG,-14.65,49.65,61.05,95,60,2.08,broken clouds
646,Korcula,HR,42.9622,17.1369,75.63,85,21,13.13,few clouds
647,Sechura,PE,-5.5569,-80.8222,74.55,57,65,9.4,broken clouds
648,Mayo,US,38.8876,-76.5119,82.96,60,0,8.99,clear sky
649,Aksay,RU,47.26,39.87,68.25,40,90,5.01,overcast clouds
650,Bukavu,CD,-2.5083,28.8608,68.25,67,97,1.05,overcast clouds
651,Manta,EC,-0.95,-80.7333,78.58,69,0,6.91,clear sky
652,Myszkow,PL,50.5752,19.3246,69.89,92,85,4.16,overcast clouds
653,Kasulu,TZ,-4.5767,30.1025,73.4,50,66,5.95,broken clouds
654,Tura,IN,25.5198,90.2201,75.87,91,83,3.58,broken clouds
655,Fare,PF,-16.7,-151.0167,77.31,77,1,22.62,light rain
656,Lakinsk,RU,56.0193,39.9485,47.32,55,100,3.71,overcast clouds
657,Agua Verde,MX,22.9,-106.05,84.27,72,90,7.67,overcast clouds
658,Asasa,ET,7.1,39.2,57.43,92,99,2.1,light rain
659,Ampanihy,MG,-24.7,44.75,69.51,59,0,10.18,clear sky
660,Gadwal,IN,16.2333,77.8,77.95,84,100,8.19,moderate rain
661,North Bend,US,43.4065,-124.2243,69.17,38,0,9.24,clear sky
662,Bellary,IN,15.15,76.9333,76.44,82,100,11.65,overcast clouds
663,Santa Maria,BR,-29.6842,-53.8069,69.1,88,100,9.22,overcast clouds
664,Tumkur,IN,13.3422,77.1017,70.29,90,100,9.84,overcast clouds
665,Manama,BH,26.2154,50.5832,95.34,62,0,8.05,clear sky
666,Espanola,US,35.9911,-106.0806,82.53,32,36,1.01,scattered clouds
667,Bac Lieu,VN,9.285,105.7244,78.85,84,94,7.58,overcast clouds
668,Marmora,IT,44.4583,7.094,72.07,51,7,4.68,clear sky
669,Karangampel,ID,-6.4622,108.4519,78.51,81,85,7.36,overcast clouds
670,Savelugu,GH,9.6244,-0.8253,77.5,89,100,3.27,light rain
671,Lima,PE,-12.0432,-77.0282,68.9,68,100,6.91,overcast clouds
672,Qaqortoq,GL,60.7167,-46.0333,49.78,62,59,4.85,broken clouds
673,Biak,ID,-0.9131,122.8766,75.27,82,70,6.13,broken clouds
674,Bakchar,RU,57.0186,82.0711,42.49,88,80,5.23,broken clouds
675,Banamba,ML,13.55,-7.45,85.44,64,89,7.18,overcast clouds
676,Mangrol,IN,21.1167,70.1167,82.8,87,94,7.07,overcast clouds
677,Novichikha,RU,52.204,81.3877,50.0,39,30,2.17,scattered clouds
678,Mnogovershinnyy,RU,53.9353,139.9242,46.92,60,53,8.3,broken clouds
679,Chapada Dos Guimaraes,BR,-15.4606,-55.7497,94.66,14,4,7.25,clear sky
680,Amambai,BR,-23.1042,-55.2258,95.04,23,0,18.28,clear sky
681,Igunga,TZ,-4.2833,33.8833,81.05,33,81,11.59,broken clouds
682,Posyet,RU,42.6508,130.8046,62.22,78,0,5.28,clear sky
683,Bogorodskoye,RU,56.55,37.8833,41.63,71,49,3.56,scattered clouds
684,Sorland,NO,67.667,12.6934,50.97,74,100,9.84,overcast clouds
685,Nemuro,JP,43.3236,145.575,63.03,86,29,10.92,scattered clouds
686,Forssa,FI,60.8146,23.6215,51.67,61,16,5.32,few clouds
687,Waverly,US,42.7392,-84.6208,78.96,58,0,9.08,clear sky
688,Omaruru,NA,-21.4333,15.9333,82.78,9,0,13.33,clear sky
689,Araguacu,BR,-12.9306,-49.8264,98.8,15,0,5.68,clear sky
690,Shar,KZ,49.5886,81.0453,53.37,35,38,3.0,scattered clouds
691,Half Moon Bay,US,37.4636,-122.4286,84.81,70,0,8.05,mist
692,Rognan,NO,67.0953,15.3878,52.05,88,32,4.85,scattered clouds
693,Juneau,US,58.3019,-134.4197,54.21,98,99,5.06,light rain
694,Bluefields,NI,12.0137,-83.7635,84.18,77,91,1.45,overcast clouds
695,Cairns,AU,-16.9167,145.7667,73.06,92,75,1.14,broken clouds
696,Novopavlovka,RU,51.2172,109.2091,54.27,72,27,4.43,scattered clouds
697,Rio Cuarto,AR,-33.1307,-64.3499,62.33,19,0,13.58,clear sky
698,Moche,PE,-8.1711,-79.0092,62.78,82,75,12.66,fog
699,Srednekolymsk,RU,67.45,153.6833,43.68,89,100,9.46,overcast clouds
700,Tete,MZ,-16.1564,33.5867,79.92,30,0,5.44,clear sky
